video_id,platform,public_url,title,creator_name,publish_date,duration_seconds,view_count,like_count,favorite_count,share_count,comment_count,follower_count,metrics_collected_at,hashtags,selection_reason,notes
PILOT01,douyin,https://v.douyin.com/3MhTn1h0kog/,"莫瑞斯中国网红酒店之旅！悬崖网红酒店真实揭秘！",,,,,,,,,,"#外国人在中国,#老外真会玩,#旅行vlog,#英语口语","试点样本：外国博主中国旅行与网红酒店揭秘，覆盖旅行vlog垂类。","2026-08-18 自分享链接录入。作者、发布日期、时长、互动指标待打开抖音页面后手动补全。"
PILOT02,douyin,https://v.douyin.com/_lbKeFyMIoc/,"正在消失的商务舱「王座」！欧洲航司竟能吃到地道上海菜？奥航商务舱体验",,,,,,,,,,"#SAZA沐浴露,#男士沐浴露推荐,#航空","试点样本：航空商务舱体验类，含潜在品牌合作话题标签，覆盖生活方式/出行垂类。","2026-08-18 自分享链接录入。作者、发布日期、时长、互动指标待打开抖音页面后手动补全。"
PILOT03,douyin,https://v.douyin.com/qY1OYlkR-jU/,"深度解析《名侦探柯南》第六集：超自然迷案",,,,,,,,,,"#名侦探柯南,#抖音精选,#动漫解说,#深度解析","试点样本：动漫深度解说类，覆盖长叙事/知识型内容垂类。","2026-08-18 自分享链接录入。作者、发布日期、时长、互动指标待打开抖音页面后手动补全。"
PILOT04,douyin,https://v.douyin.com/j8Yw2nORm_c/,"地狱厨房再现死亡扇贝，戈登被气笑了",,,,,,,,,,"#地狱厨房,#地狱厨房第十一季","试点样本：海外综艺剪辑/美食娱乐类，覆盖情绪钩子型短内容。","2026-08-18 自分享链接录入。作者、发布日期、时长、互动指标待打开抖音页面后手动补全。"
PILOT05,douyin,https://v.douyin.com/JWJhF-7A978/,"网络风评不断下滑的比格披萨，让我很失望",,,,,,,,,,,"试点样本：本地餐饮测评/负面体验类，覆盖消费评价与观点表达垂类。","2026-08-18 自分享链接录入。分享文本未含话题标签；作者、发布日期、时长、互动指标待手动补全。"
PILOT06,bilibili,https://www.bilibili.com/video/BV1S2gK6hEdg/,"台湾50元VS5000元牛肉面！相差100倍！究竟有多离谱？","子文又饿了",2026-08-15,827,517449,21422,3171,872,3769,,2026-08-18,"#台湾美食,#牛肉面,#美食对比,#旅行探店","试点样本：美食价格对比类，覆盖反差感/探店垂类。","主观感受：标题用「50元VS5000元」「相差100倍」「离谱」制造极端反差钩子，直接戳中用户好奇心和猎奇心理。内容以街头平民美食为切入点，对比平民版与高端版牛肉面，既有「物美价廉」的共鸣感，又有「一探究竟」的悬念感。节奏轻快，适合碎片化消费。收藏率约0.61%，属于美食探店类中等偏上水平，说明内容有信息价值但情感驱动力稍弱。适合学习其「对比反差」标题结构与平民视角叙事。"
PILOT07,bilibili,https://www.bilibili.com/video/BV12og76WESD/,"预算无上限！在上海吃一天会花多少钱？是我吃过最离谱的一日三餐！","白凌小豪TagsBeaver",2026-08-13,859,5959238,118898,29362,5776,7952,,2026-08-18,"#上海美食,#一日三餐,#美食挑战,#高端餐饮","试点样本：美食消费挑战类，覆盖极限/反差生活体验垂类。","主观感受：本篇堪称B站爆款典范。「预算无上限」制造财富焦虑与窥探欲，「在上海」锁定高线城市高消费场景，「一日三餐」拉满日常感与沉浸感。数据亮眼：595万播放、点赞率2%、收藏率0.49%、转发率0.1%，全面超过同类均值。情绪共鸣点密集——「一根油条138元」「米其林吃不饱」「天价苹果」等场景极具冲击力，容易引发「贫穷限制想象力」的感叹与转发冲动。叙事结构清晰，可借鉴价值极高。"
PILOT08,bilibili,https://www.bilibili.com/video/BV1ZKub6PEpi/,"米其林餐厅干不过中餐外卖？戈登肺都快气炸了！《地狱厨房》","沫子瞪片",2026-08-07,1064,1181215,52190,6993,716,4072,,2026-08-18,"#地狱厨房,#米其林,#中餐外卖,#美食综艺,#戈登拉姆齐","试点样本：海外综艺剪辑类（续PILOT04），含情绪钩子与美食冲突话题，覆盖娱乐/美食垂类。","主观感受：利用《地狱厨房》IP与戈登·拉姆齐的全球知名度做背书，「米其林干不过中餐外卖」直击民族自豪感与文化自信，情绪共鸣强烈。标题用问句制造悬念，「戈登肺都快气炸了」提供戏剧张力。118万播放、点赞率4.4%、收藏率0.59%，互动数据优于平均。适合研究海外综艺二创剪辑的本土化改造手法——提取冲突片段 + 强化情绪标签 + 嫁接热点话题。"
PILOT09,bilibili,https://www.bilibili.com/video/BV1Rt3K6qEKV/,"全球最大游轮！造价140亿！到底有多离谱？吃什么？玩什么？","HOLA小测佬",2026-07-25,751,7717042,211029,130456,14274,12470,,2026-08-18,"#游轮,#豪华游轮,#旅行,#邮轮体验,#工程造价","试点样本：极限工程/豪华旅行类，覆盖大开眼界型内容与出行垂类。","主观感受：本篇是妥妥的「大开眼界」型爆款教科书。「全球最大」「造价140亿」双料数字锚定，极端化冲击力拉满。选题融合了旅游出行、美食、科普、工程造价四大垂类，覆盖受众极广。数据惊人：771万播放、点赞率2.7%、收藏率高达1.69%（远超均值）、转发率0.18%。高收藏率说明内容具备强实用价值（旅行指南属性）。结构清晰：从「吃喝住行玩价格」五维度拆解，可借鉴用于其他「体验型」内容的框架设计。"
PILOT10,bilibili,https://www.bilibili.com/video/BV11Ju168Eo3/,"挑战日本最离谱盖饭！堆成山的芝士炸鸡！能吃完吗？？","平平出击",2026-08-09,569,824480,28781,3553,1073,1825,,2026-08-18,"#日本美食,#芝士炸鸡,#美食挑战,#大份量,#日本盖饭","试点样本：美食挑战类（大份量），覆盖极限/反差体验与美食垂类。","主观感受：「堆成山」视觉化描述极具冲击力，「能吃完吗」制造悬念与互动欲。属于经典「挑战/大胃王」赛道，内容模式成熟、用户预期明确。82万播放属于美食类中等偏上，点赞率3.5%表现良好，但收藏率0.43%偏低——说明即时娱乐性够，但缺乏深度信息价值。亮点在结尾的挑战悬念收尾，容易引发「吃了没」「结果怎样」的好奇。适合作为短视频节奏设计的参考模板。"
